gemini_output,name,address
"Aburiya Kinnosuke: 213 E 45th St, New York, NY 10017",Aburiya Kinnosuke,"213 E 45th St, New York, NY 10017"
"Akiko: 232 E 9th St, New York, NY 10003",Akiko,"232 E 9th St, New York, NY 10003"
"Bar Masa: 10 Columbus Cir Fl 4, New York, NY 10019",Bar Masa,"10 Columbus Cir Fl 4, New York, NY 10019"
"BondST: 6 Bond St, New York, NY 10012",BondST,"6 Bond St, New York, NY 10012"
"Brushstroke: 30 Hudson St, New York, NY 10013",Brushstroke,"30 Hudson St, New York, NY 10013"
"Donburiya: 259 W 55th St, New York, NY 10019",Donburiya,"259 W 55th St, New York, NY 10019"
"EN Japanese Brasserie: 435 Hudson St, New York, NY 10014",EN Japanese Brasserie,"435 Hudson St, New York, NY 10014"
"Gaijin: 870 9th Ave, New York, NY 10019",Gaijin,"870 9th Ave, New York, NY 10019"
"Hasaki: 210 E 9th St, New York, NY 10003",Hasaki,"210 E 9th St, New York, NY 10003"
"Hibino: 333 Hudson St, New York, NY 10013",Hibino,"333 Hudson St, New York, NY 10013"
Ippudo: Multiple locations in Manhattan,Ippudo,Multiple locations in Manhattan
"Izakaya MEW: 53 W 35th St, New York, NY 10001",Izakaya MEW,"53 W 35th St, New York, NY 10001"
"Jewel Bako: 239 E 5th St, New York, NY 10003",Jewel Bako,"239 E 5th St, New York, NY 10003"
"Kajitsu: 125 E 39th St, New York, NY 10016",Kajitsu,"125 E 39th St, New York, NY 10016"
"Katana Kitten: 531 Hudson St, New York, NY 10014",Katana Kitten,"531 Hudson St, New York, NY 10014"
"Kochi: 652 Hudson St, New York, NY 10014",Kochi,"652 Hudson St, New York, NY 10014"
"Momofuku Ko: 8 Extra Pl, New York, NY 10003",Momofuku Ko,"8 Extra Pl, New York, NY 10003"
"Momofuku Noodle Bar: 171 1st Ave, New York, NY 10003",Momofuku Noodle Bar,"171 1st Ave, New York, NY 10003"
"Nakazawa: 23 Commerce St, New York, NY 10014",Nakazawa,"23 Commerce St, New York, NY 10014"
Nami Nori: Multiple locations in Manhattan,Nami Nori,Multiple locations in Manhattan
"Nippon: 155 E 52nd St, New York, NY 10022",Nippon,"155 E 52nd St, New York, NY 10022"
"Noz 17: 137 W 17th St, New York, NY 10011",Noz 17,"137 W 17th St, New York, NY 10011"
"O Ya: 120 E 28th St, New York, NY 10016",O Ya,"120 E 28th St, New York, NY 10016"
"Omen Azen: 152 9th Ave, New York, NY 10011",Omen Azen,"152 9th Ave, New York, NY 10011"
"ROKC: 3452 Broadway, New York, NY 10031",ROKC,"3452 Broadway, New York, NY 10031"
"Sakagura: 211 E 43rd St, New York, NY 10017",Sakagura,"211 E 43rd St, New York, NY 10017"
"Sarashina Horii: 45 E 49th St, New York, NY 10017",Sarashina Horii,"45 E 49th St, New York, NY 10017"
"Sushi Ginza Onodera: 461 5th Ave, New York, NY 10017",Sushi Ginza Onodera,"461 5th Ave, New York, NY 10017"
"Sushi Nakazawa: 23 Commerce St, New York, NY 10014",Sushi Nakazawa,"23 Commerce St, New York, NY 10014"
Sushi of Gari: Multiple locations in Manhattan,Sushi of Gari,Multiple locations in Manhattan
"Sushi Yasuda: 204 E 43rd St, New York, NY 10017",Sushi Yasuda,"204 E 43rd St, New York, NY 10017"
"Tanoshi Sushi Sake Bar: 1372 York Ave, New York, NY 10021",Tanoshi Sushi Sake Bar,"1372 York Ave, New York, NY 10021"
"Tempura Matsui: 222 E 39th St, New York, NY 10016",Tempura Matsui,"222 E 39th St, New York, NY 10016"
"Tetsu: 78 Leonard St, New York, NY 10013",Tetsu,"78 Leonard St, New York, NY 10013"
"Udon West: 248 W 52nd St, New York, NY 10019",Udon West,"248 W 52nd St, New York, NY 10019"
"Yakitori Totto: 251 W 55th St, New York, NY 10019",Yakitori Totto,"251 W 55th St, New York, NY 10019"
"Zauo: 152 W 24th St, New York, NY 10011",Zauo,"152 W 24th St, New York, NY 10011"
"Sobaya: 229 E 9th St, New York, NY 10003",Sobaya,"229 E 9th St, New York, NY 10003"
"Tsurutontan Udon Noodle Brasserie: 21 E 16th St, New York, NY 10003",Tsurutontan Udon Noodle Brasserie,"21 E 16th St, New York, NY 10003"
"Izakaya NoMad: 13 W 26th St, New York, NY 10010",Izakaya NoMad,"13 W 26th St, New York, NY 10010"
"Robataya NY: 231 E 9th St, New York, NY 10003",Robataya NY,"231 E 9th St, New York, NY 10003"
"Soba Totto: 211 E 43rd St, New York, NY 10017",Soba Totto,"211 E 43rd St, New York, NY 10017"
"Yopparai Ronin: 150 E 46th St, New York, NY 10017",Yopparai Ronin,"150 E 46th St, New York, NY 10017"
"Yakitori Taisho: 5 St Marks Pl, New York, NY 10003",Yakitori Taisho,"5 St Marks Pl, New York, NY 10003"
"Cha-An Teahouse: 230 E 9th St, New York, NY 10003",Cha-An Teahouse,"230 E 9th St, New York, NY 10003"
"Menkui Tei: 56 W 13th St, New York, NY 10011",Menkui Tei,"56 W 13th St, New York, NY 10011"
"Sobakoh: 309 E 5th St, New York, NY 10003",Sobakoh,"309 E 5th St, New York, NY 10003"
"Rai Rai Ken: 218 E 10th St, New York, NY 10003",Rai Rai Ken,"218 E 10th St, New York, NY 10003"
"Hide-Chan Ramen: 248 E 52nd St, New York, NY 10022",Hide-Chan Ramen,"248 E 52nd St, New York, NY 10022"
"Momofuku Ssäm Bar: 207 2nd Ave, New York, NY 10003",Momofuku Ssäm Bar,"207 2nd Ave, New York, NY 10003"
"Izakaya Juraku: 125 E 39th St, New York, NY 10016",Izakaya Juraku,"125 E 39th St, New York, NY 10016"
Haru Sushi: Multiple Locations,Haru Sushi,"229 W 43rd St Unit 221, New York, NY 10036, United States"
Haru Sushi: Multiple Locations,Haru Sushi,"5 A Brinkerhoff Terrace, Palisades Park, NJ 07650, United States"
Haru Sushi: Multiple Locations,Haru Sushi,"4009 Bell Blvd #2f, Bayside, NY 11361, United States"
Haru Sushi: Multiple Locations,Haru Sushi,"63 Academy St, South Orange, NJ 07079, United States"
Haru Sushi: Multiple Locations,Haru Sushi,"33-18 Ditmars Blvd, Queens, NY 11105, United States"
Haru Sushi: Multiple Locations,Haru Sushi,"402 W 44th St, New York, NY 10036, United States"
Haru Sushi: Multiple Locations,Haru Sushi,"15 Old Gick Rd, Saratoga Springs, NY 12866, United States"
Haru Sushi: Multiple Locations,Haru Sushi,"622 Manhattan Ave, Brooklyn, NY 11222, United States"
Haru Sushi: Multiple Locations,Haru Sushi,"695 Mayor Kenneth A. Gibson Blvd, Newark, NJ 07102, United States"
Haru Sushi: Multiple Locations,Haru Sushi,"25 S Broad St, Elizabeth, NJ 07202, United States"
Haru Sushi: Multiple Locations,Haru Sushi,"3301 W Armitage Ave, Chicago, IL 60647, United States"
Haru Sushi: Multiple Locations,Haru Sushi,"433 Amsterdam Ave, New York, NY 10024, United States"
Haru Sushi: Multiple Locations,Haru Sushi,"859 9th Ave, New York, NY 10019, United States"
Haru Sushi: Multiple Locations,Haru Sushi,"229 W 43rd St, New York, NY 10036, United States"
Haru Sushi: Multiple Locations,Haru Sushi,"220 Park Ave S, New York, NY 10003, United States"
Haru Sushi: Multiple Locations,Haru Sushi,"176 8th Ave, New York, NY 10011, United States"
Haru Sushi: Multiple Locations,Haru Sushi,"280 Park Ave, New York, NY 10017, United States"
Haru Sushi: Multiple Locations,Haru Sushi,"1 Wall St, New York, NY 10005, United States"
Haru Sushi: Multiple Locations,Haru Sushi,"306 Bergen Blvd, Fairview, NJ 07022, United States"
Haru Sushi: Multiple Locations,Haru Sushi,"25 Cutter Mill Rd #500, Great Neck, NY 11021, United States"
Blue Ribbon Sushi: Multiple Locations,Blue Ribbon Sushi,"119 Sullivan St, New York, NY 10012, United States"
Blue Ribbon Sushi: Multiple Locations,Blue Ribbon Sushi,"84 William St, New York, NY 10038, United States"
Blue Ribbon Sushi: Multiple Locations,Blue Ribbon Sushi,"187 Orchard St, New York, NY 10002, United States"
Blue Ribbon Sushi: Multiple Locations,Blue Ribbon Sushi,"225 Liberty St, New York, NY 10281, United States"
Blue Ribbon Sushi: Multiple Locations,Blue Ribbon Sushi,"Columbus Hotel, 308 W 58th St #6, New York, NY 10019, United States"
Blue Ribbon Sushi: Multiple Locations,Blue Ribbon Sushi,"Rockefeller Plaza, New York, NY 10112, United States"
Blue Ribbon Sushi: Multiple Locations,Blue Ribbon Sushi,"190 Allen St, New York, NY 10002, United States"
Blue Ribbon Sushi: Multiple Locations,Blue Ribbon Sushi,"PENN 1, New York, NY 10119, United States"
Blue Ribbon Sushi: Multiple Locations,Blue Ribbon Sushi,"97 Sullivan St, New York, NY 10012, United States"
Sushi Seki: Multiple Locations,Sushi Seki,"1143 1st Ave., New York, NY 10065, United States"
Sushi Seki: Multiple Locations,Sushi Seki,"TIMES SQUARE, 365 W 46th St, New York, NY 10036, United States"
Sushi Seki: Multiple Locations,Sushi Seki,"208 W 23rd St, New York, NY 10011, United States"
"Sushi AMANE: 245 E 44th St, New York, NY 10017",Sushi AMANE,"245 E 44th St, New York, NY 10017"
"Sushi Noz: 181 E 78th St, New York, NY 10075",Sushi Noz,"181 E 78th St, New York, NY 10075"
Ushiwakamaru: Multiple Locations,Ushiwakamaru,"177 Ludlow St, New York, NY 10002, United States"
Ushiwakamaru: Multiple Locations,Ushiwakamaru,"136 W Houston St, New York, NY 10012, United States"
"Kosaka: 220 W 13th St, New York, NY 10011",Kosaka,"220 W 13th St, New York, NY 10011"
"Bohemian: 57 Great Jones St, New York, NY 10012",Bohemian,"57 Great Jones St, New York, NY 10012"
"Shuko: 47 E 12th St, New York, NY 10003",Shuko,"47 E 12th St, New York, NY 10003"
"Noda: 6 W 28th St, New York, NY 10001",Noda,"6 W 28th St, New York, NY 10001"
"Temakase: 6 E 32nd St, New York, NY 10016",Temakase,"6 E 32nd St, New York, NY 10016"
Kissaki: Multiple Locations,Kissaki,"319 Bowery, New York, NY 10003, United States"
Kissaki: Multiple Locations,Kissaki,"20 Hudson Yards #220, New York, NY 10017, United States"
Kissaki: Multiple Locations,Kissaki,"407 Plandome Rd, Manhasset, NY 11030, United States"
"Jua: 36 E 22nd St, New York, NY 10010",Jua,"36 E 22nd St, New York, NY 10010"
"Odo: 17 W 20th St, New York, NY 10011",Odo,"17 W 20th St, New York, NY 10011"
"Ichimura at Uchū: 217 Eldridge St, New York, NY 10002",Ichimura at Uchū,"217 Eldridge St, New York, NY 10002"
"Torien: 292 Elizabeth St, New York, NY 10012",Torien,"292 Elizabeth St, New York, NY 10012"
"Nonono: 118 Madison Ave, New York, NY 10016",Nonono,"118 Madison Ave, New York, NY 10016"
Sushi on Jones: Multiple Locations,Sushi on Jones,"210 W 10th St, New York, NY 10014, United States"
Sushi on Jones: Multiple Locations,Sushi on Jones,"217 Eldridge St, New York, NY 10002, United States"
Sushi on Jones: Multiple Locations,Sushi on Jones,"97 N 10th St, Brooklyn, NY 11249, United States"
"15 East @ Tocqueville: 15 E 15th St, New York, NY 10003",15 East @ Tocqueville,"15 E 15th St, New York, NY 10003"
"Omakase Room by Tatsu: 285 W Broadway, New York, NY 10013",Omakase Room by Tatsu,"285 W Broadway, New York, NY 10013"
"Sushi Ishikawa: 419 E 9th St, New York, NY 10009",Sushi Ishikawa,"419 E 9th St, New York, NY 10009"
"Tetsu Basement: 135 Thompson St, New York, NY 10012",Tetsu Basement,"135 Thompson St, New York, NY 10012"
Ootaya: Multiple Locations,Ootaya,"8 W 18th St, New York, NY 10011, United States"
Ootaya: Multiple Locations,Ootaya,"41 E 11th St, New York, NY 10003, United States"
Ootaya: Multiple Locations,Ootaya,"141 W 41st St, New York, NY 10036, United States"
Kura Sushi: Multiple Locations,Kura Sushi,"2151 Lemoine Ave, Fort Lee, NJ 07024, United States"
Kura Sushi: Multiple Locations,Kura Sushi,"133-33 39th Ave, Queens, NY 11354, United States"
Kura Sushi: Multiple Locations,Kura Sushi,"525 Washington Blvd, Jersey City, NJ 07310, United States"
Kura Sushi: Multiple Locations,Kura Sushi,"G15/G16, 133-36 37th Ave, Flushing, NY 11354, United States"
Kura Sushi: Multiple Locations,Kura Sushi,"47 Old Country Rd, Carle Place, NY 11514, United States"
Kura Sushi: Multiple Locations,Kura Sushi,"913a Central Park Ave, Scarsdale, NY 10583, United States"
Kura Sushi: Multiple Locations,Kura Sushi,"1781 NJ-27 Suite 101, Edison, NJ 08817, United States"
Kura Sushi: Multiple Locations,Kura Sushi,"200 Baychester Ave, Bronx, NY 10475, United States"
Kura Sushi: Multiple Locations,Kura Sushi,"1721 Chestnut St, Philadelphia, PA 19102, United States"
Go! Go! Curry!: Multiple Locations,Go! Go! Curry!,"43-31 33rd St 4th FL, Queens, NY 11101, United States"
Go! Go! Curry!: Multiple Locations,Go! Go! Curry!,"235 E 53rd St, New York, NY 10022, United States"
Go! Go! Curry!: Multiple Locations,Go! Go! Curry!,"273 W 38th St, New York, NY 10018, United States"
Go! Go! Curry!: Multiple Locations,Go! Go! Curry!,"12 John St, New York, NY 10038, United States"
Go! Go! Curry!: Multiple Locations,Go! Go! Curry!,"1 William St, Newark, NJ 07102, United States"
"Terakawa Ramen: 18 Lexington Ave, New York, NY 10010",Terakawa Ramen,"18 Lexington Ave, New York, NY 10010"
"Ramen Ishida: 122 E 7th St, New York, NY 10009",Ramen Ishida,"122 E 7th St, New York, NY 10009"
Ivan Ramen: Multiple Locations,Ivan Ramen,"25 Clinton St, New York, NY 10002, United States"
"Momofuku Kāwi: 163 First Ave, New York, NY 10003",Momofuku Kāwi,"163 First Ave, New York, NY 10003"
MáLà Project: Multiple Locations,MáLà Project,"122 1st Ave., New York, NY 10009, United States"
MáLà Project: Multiple Locations,MáLà Project,"245 E 53rd St, New York, NY 10022, United States"
MáLà Project: Multiple Locations,MáLà Project,"41 W 46th St, New York, NY 10036, United States"
MáLà Project: Multiple Locations,MáLà Project,"603 Manhattan Ave, Brooklyn, NY 11222, United States"
"Davelle: 46 Bowery St, New York, NY 10013",Davelle,"46 Bowery St, New York, NY 10013"
"Niche Niche: 43 Macdougal St, New York, NY 10012",Niche Niche,"43 Macdougal St, New York, NY 10012"
"Taro Sushi: 1822 2nd Ave, New York, NY 10128",Taro Sushi,"1822 2nd Ave, New York, NY 10128"
"Sushi Choshi: 13 E 47th St, New York, NY 10017",Sushi Choshi,"13 E 47th St, New York, NY 10017"
"Hatsuhana: 17 E 48th St, New York, NY 10017",Hatsuhana,"17 E 48th St, New York, NY 10017"
"Sushi of Gari 46: 347 W 46th St, New York, NY 10036",Sushi of Gari 46,"347 W 46th St, New York, NY 10036"
"Aburiya Raku: 120 E 40th St, New York, NY 10016",Aburiya Raku,"120 E 40th St, New York, NY 10016"
"Mifune: 245 E 44th St, New York, NY 10017",Mifune,"245 E 44th St, New York, NY 10017"
"Zuma: 261 Madison Ave, New York, NY 10016",Zuma,"261 Madison Ave, New York, NY 10016"
"EN Japanese Brasserie: 435 Hudson St, New York, NY 10014",EN Japanese Brasserie,"435 Hudson St, New York, NY 10014"
"Ootoya Chelsea: 141 W 17th St, New York, NY 10011",Ootoya Chelsea,"141 W 17th St, New York, NY 10011"
"Momosan Ramen & Sake: 342 Lexington Ave, New York, NY 10016",Momosan Ramen & Sake,"342 Lexington Ave, New York, NY 10016"
"Menchanko-Tei: 39 W 55th St, New York, NY 10019",Menchanko-Tei,"39 W 55th St, New York, NY 10019"
"Izakaya Samurice: 252 W 14th St, New York, NY 10011",Izakaya Samurice,"252 W 14th St, New York, NY 10011"
"Ramen Danbo: 133 2nd Ave, New York, NY 10003",Ramen Danbo,"133 2nd Ave, New York, NY 10003"
"Suki: 140 W Houston St, New York, NY 10012",Suki,"140 W Houston St, New York, NY 10012"
"Sen Sakana: 28 W 44th St, New York, NY 10036",Sen Sakana,"28 W 44th St, New York, NY 10036"
"Kintsugi NYC: 20 Grand St, New York, NY 10013",Kintsugi NYC,"20 Grand St, New York, NY 10013"
"Uogashi: 121 E 17th St, New York, NY 10003",Uogashi,"121 E 17th St, New York, NY 10003"
"Ganso Ramen: 25 Bond St, Brooklyn, NY 11201",Ganso Ramen,"25 Bond St, Brooklyn, NY 11201"
"Zenkichi: 77 N 6th St, Brooklyn, NY 11249",Zenkichi,"77 N 6th St, Brooklyn, NY 11249"
"Okonomi: 150 Ainslie St, Brooklyn, NY 11211",Okonomi,"150 Ainslie St, Brooklyn, NY 11211"
"Yuca Bar: 111 Avenue A, New York, NY 10009",Yuca Bar,"111 Avenue A, New York, NY 10009"
"Robataya: 231 E 9th St, New York, NY 10003",Robataya,"231 E 9th St, New York, NY 10003"
"Nur: 34 E 20th St, New York, NY 10003",Nur,"34 E 20th St, New York, NY 10003"
"Sobaya Chelsea: 229 9th Ave, New York, NY 10001",Sobaya Chelsea,"229 9th Ave, New York, NY 10001"
"Domodomo Jersey City: 200 Greene St, Jersey City, NJ 07302",Domodomo Jersey City,"200 Greene St, Jersey City, NJ 07302"
"Ramen Misoya: 129 2nd Ave, New York, NY 10003",Ramen Misoya,"129 2nd Ave, New York, NY 10003"
"Jun-Men Ramen Bar: 249 E 52nd St, New York, NY 10022",Jun-Men Ramen Bar,"249 E 52nd St, New York, NY 10022"
"Momoya Soho: 47 Prince St, New York, NY 10012",Momoya Soho,"47 Prince St, New York, NY 10012"
"Takumen: 191B Orchard St, New York, NY 10002",Takumen,"191B Orchard St, New York, NY 10002"
"Cocoron: 61 Delancey St, New York, NY 10002",Cocoron,"61 Delancey St, New York, NY 10002"
"Bar Gonzo: 154 Orchard St, New York, NY 10002",Bar Gonzo,"154 Orchard St, New York, NY 10002"
"Sobakoh: 309 E 5th St, New York, NY 10003",Sobakoh,"309 E 5th St, New York, NY 10003"
"Sunrise Mart: 494 Broome St, New York, NY 10013",Sunrise Mart,"494 Broome St, New York, NY 10013"
"Ootoya Times Square: 141 W 41st St, New York, NY 10036",Ootoya Times Square,"141 W 41st St, New York, NY 10036"
"Men Kui Tei: 56 W 13th St, New York, NY 10011",Men Kui Tei,"56 W 13th St, New York, NY 10011"
"Ramen-Ya: 328 E 6th St, New York, NY 10003",Ramen-Ya,"328 E 6th St, New York, NY 10003"
"Sanpuku: 210 9th Ave, New York, NY 10001",Sanpuku,"210 9th Ave, New York, NY 10001"
"Minca: 536 E 5th St, New York, NY 10009",Minca,"536 E 5th St, New York, NY 10009"
"Ramen Setagaya: 141 1st Ave, New York, NY 10003",Ramen Setagaya,"141 1st Ave, New York, NY 10003"
"Naruto Ramen: 1596 1st Ave, New York, NY 10028",Naruto Ramen,"1596 1st Ave, New York, NY 10028"
"Tamashii Ramen: 448 3rd Ave, Brooklyn, NY 11215",Tamashii Ramen,"448 3rd Ave, Brooklyn, NY 11215"
"Karasu: 935 Fulton St, Brooklyn, NY 11238",Karasu,"935 Fulton St, Brooklyn, NY 11238"
"Bar Chuko Izakaya: 55 E 13th St, New York, NY 10003",Bar Chuko Izakaya,"55 E 13th St, New York, NY 10003"
"Akashi: 280 9th Ave, New York, NY 10001",Akashi,"280 9th Ave, New York, NY 10001"
"Kyo Ya: 94 E 7th St, New York, NY 10009",Kyo Ya,"94 E 7th St, New York, NY 10009"
"Rai Rai Ken: 218 E 10th St, New York, NY 10003",Rai Rai Ken,"218 E 10th St, New York, NY 10003"
"Izakaya NoMad: 13 W 26th St, New York, NY 10010",Izakaya NoMad,"13 W 26th St, New York, NY 10010"
"Sobaya West Village: 229 9th Ave, New York, NY 10001",Sobaya West Village,"229 9th Ave, New York, NY 10001"
"Shabu-Tatsu: 216 E 10th St, New York, NY 10003",Shabu-Tatsu,"216 E 10th St, New York, NY 10003"
"Yopparai: 150 E 46th St, New York, NY 10017",Yopparai,"150 E 46th St, New York, NY 10017"
"Yakitori Taisho: 5 St Marks Pl, New York, NY 10003",Yakitori Taisho,"5 St Marks Pl, New York, NY 10003"
"Dr Clark: 104 2nd Ave, New York, NY 10003",Dr Clark,"104 2nd Ave, New York, NY 10003"
"Hi-Collar: 214 E 10th St, New York, NY 10003",Hi-Collar,"214 E 10th St, New York, NY 10003"
"Soba Nippon: 19 W 52nd St, New York, NY 10019",Soba Nippon,"19 W 52nd St, New York, NY 10019"
"Soba Totto: 251 W 52nd St # 1, New York, NY 10019",Soba Totto,"251 W 52nd St # 1, New York, NY 10019"
"Raku: 48 MacDougal St, New York, NY 10012",Raku,"48 MacDougal St, New York, NY 10012"
"Enjb: 207 E 75th St, New York, NY 10021",Enjb,"207 E 75th St, New York, NY 10021"
"Zutto Japanese American Pub: 77 Hudson St, New York, NY 10006",Zutto Japanese American Pub,"77 Hudson St, New York, NY 10006"
"Momofuku Nishi: 232 Eighth Ave, New York, NY 10011",Momofuku Nishi,"232 Eighth Ave, New York, NY 10011"
"Ootoya Midtown West: 8 W 36th St, New York, NY 10018",Ootoya Midtown West,"8 W 36th St, New York, NY 10018"
"Curry-Ya: 214 E 10th St, New York, NY 10003",Curry-Ya,"214 E 10th St, New York, NY 10003"
"Ramen Shack: 120 W 3rd St, New York, NY 10012",Ramen Shack,"120 W 3rd St, New York, NY 10012"
"Bessou: 5 Bleecker St, New York, NY 10012",Bessou,"5 Bleecker St, New York, NY 10012"
"Hanon: 55 St Marks Pl, New York, NY 10003",Hanon,"55 St Marks Pl, New York, NY 10003"
"Bar Moga: 128 W Houston St, New York, NY 10012",Bar Moga,"128 W Houston St, New York, NY 10012"
"Tonchin: 13 W 36th St, New York, NY 10018",Tonchin,"13 W 36th St, New York, NY 10018"
"Ikinari Steak: 90 E 10th St, New York, NY 10003",Ikinari Steak,"90 E 10th St, New York, NY 10003"
"Takumi by Daikaya: 735 8th Ave, New York, NY 10036",Takumi by Daikaya,"735 8th Ave, New York, NY 10036"
"Sobaya East Village: 229 E 9th St, New York, NY 10003",Sobaya East Village,"229 E 9th St, New York, NY 10003"
Mr Taka Ramen: Multiple Locations,Mr Taka Ramen,"170 Allen St, New York, NY 10002, United States"
Mr Taka Ramen: Multiple Locations,Mr Taka Ramen,"55 Water St, Brooklyn, NY 11201, United States"
Mr Taka Ramen: Multiple Locations,Mr Taka Ramen,"368 Stratford Rd, Brooklyn, NY 11218, United States"
"Ramen by MEW: 180 W 4th St, New York, NY 10014",Ramen by MEW,"180 W 4th St, New York, NY 10014"
"Nakamura: 172 Delancey St, New York, NY 10002",Nakamura,"172 Delancey St, New York, NY 10002"
"Tsurutontan: 21 E 16th St, New York, NY 10003",Tsurutontan,"21 E 16th St, New York, NY 10003"
"Yakitori Torishin: 274 W 23rd St, New York, NY 10011",Yakitori Torishin,"274 W 23rd St, New York, NY 10011"
"Sushi Inoue: 381 Lenox Ave, New York, NY 10027",Sushi Inoue,"381 Lenox Ave, New York, NY 10027"
"Omakase by Hiro: 310 W 53rd St, New York, NY 10019",Omakase by Hiro,"310 W 53rd St, New York, NY 10019"
"Omakase Room by Mitsu: 9 Jones St, New York, NY 10014",Omakase Room by Mitsu,"9 Jones St, New York, NY 10014"
"Kanoyama: 175 2nd Ave, New York, NY 10003",Kanoyama,"175 2nd Ave, New York, NY 10003"
"Sushi Amane: 245 E 44th St, New York, NY 10017",Sushi Amane,"245 E 44th St, New York, NY 10017"
"Yakitori Zai: 156 Chambers St, New York, NY 10007",Yakitori Zai,"156 Chambers St, New York, NY 10007"
"Udon Lab: 120 St Marks Pl, New York, NY 10009",Udon Lab,"120 St Marks Pl, New York, NY 10009"
"Kambi Ramen House: 546 W 112th St, New York, NY 10025",Kambi Ramen House,"546 W 112th St, New York, NY 10025"
"Rai Rai Ken Midtown: 568 3rd Ave, New York, NY 10016",Rai Rai Ken Midtown,"568 3rd Ave, New York, NY 10016"
"Sushi Katsuei: 210 E 44th St, New York, NY 10017",Sushi Katsuei,"210 E 44th St, New York, NY 10017"
"Bar Moga East: 1 E 13th St, New York, NY 10003",Bar Moga East,"1 E 13th St, New York, NY 10003"
"Koyo: 205 Chrystie St, New York, NY 10002",Koyo,"205 Chrystie St, New York, NY 10002"
Sushi by Bou: Multiple Locations,Sushi by Bou,"32 E 32nd St, New York, NY 10016, United States"
Sushi by Bou: Multiple Locations,Sushi by Bou,"132 W 47th St, New York, NY 10036, United States"
Sushi by Bou: Multiple Locations,Sushi by Bou,"232 7th Ave, New York, NY 10011, United States"
Sushi by Bou: Multiple Locations,Sushi by Bou,"922 Broadway, New York, NY 10010, United States"
Sushi by Bou: Multiple Locations,Sushi by Bou,"At hotel, 3232 E 32nd St Suite 1001, New York, NY 10016, United States"
Sushi by Bou: Multiple Locations,Sushi by Bou,"225 River St, Hoboken, NJ 07030, United States"
Sushi by Bou: Multiple Locations,Sushi by Bou,"38-29 Bell Blvd, Bayside, NY 11361, United States"
Sushi by Bou: Multiple Locations,Sushi by Bou,"10 E 8th St, New York, NY 10003, United States"
Sushi by Bou: Multiple Locations,Sushi by Bou,"218 Newark Ave, Jersey City, NJ 07302, United States"
"Sushi on Me: 176 Orchard St, New York, NY 10002",Sushi on Me,"176 Orchard St, New York, NY 10002"
"Momofuku Má Pêche: 15 W 56th St, New York, NY 10019",Momofuku Má Pêche,"15 W 56th St, New York, NY 10019"
"Soba Noodle Azuma: 490 8th Ave, New York, NY 10001",Soba Noodle Azuma,"490 8th Ave, New York, NY 10001"
"Udon Time: 145 E 45th St, New York, NY 10017",Udon Time,"145 E 45th St, New York, NY 10017"
"Aburiya Raku - East Village: 28 Greenwich Ave, New York, NY 10011",Aburiya Raku - East Village,"28 Greenwich Ave, New York, NY 10011"
"Don Wagyu: 28 S William St, New York, NY 10004",Don Wagyu,"28 S William St, New York, NY 10004"
"Icca: 55 Franklin St, New York, NY 10013",Icca,"55 Franklin St, New York, NY 10013"
Wagamama: Multiple Locations,Wagamama,"100 W 55th St, New York, NY 10019, United States"
Wagamama: Multiple Locations,Wagamama,"605 3rd Ave, New York, NY 10158, United States"
Wagamama: Multiple Locations,Wagamama,"210 fifth avenue, W 26th St at, New York, NY 10010, United States"
Totto Ramen: Multiple Locations,Totto Ramen,"248 E 52nd St, New York, NY 10022, United States"
Totto Ramen: Multiple Locations,Totto Ramen,"464 W 51st St, New York, NY 10019, United States"
"Terakawa Ramen: 18 Lexington Ave, New York, NY 10010",Terakawa Ramen,"18 Lexington Ave, New York, NY 10010"
"Uchu Kaiseki Bar: 217 Eldridge St, New York, NY 10002",Uchu Kaiseki Bar,"217 Eldridge St, New York, NY 10002"
"Izakaya Torishin: 362 W 53rd St, New York, NY 10019",Izakaya Torishin,"362 W 53rd St, New York, NY 10019"
"Sushi by Bae: 430 E 9th St, New York, NY 10009",Sushi by Bae,"430 E 9th St, New York, NY 10009"
"Bohemian Soho: 24 Minetta Ln, New York, NY 10012",Bohemian Soho,"24 Minetta Ln, New York, NY 10012"
"Kiko: 146 Duane St, New York, NY 10013",Kiko,"146 Duane St, New York, NY 10013"
"Meijin Ramen: 360 W 46th St, New York, NY 10036",Meijin Ramen,"360 W 46th St, New York, NY 10036"
"Mew York City: 53 W 35th St 2nd Fl, New York, NY 10001",Mew York City,"53 W 35th St 2nd Fl, New York, NY 10001"
"Nami Nori Williamsburg: 276 Metropolitan Ave, Brooklyn, NY 11211",Nami Nori Williamsburg,"276 Metropolitan Ave, Brooklyn, NY 11211"
"Houseman: 508 Greenwich St, New York, NY 10013",Houseman,"508 Greenwich St, New York, NY 10013"
"Izakaya Bar Masa: 113 Thompson St, New York, NY 10012",Izakaya Bar Masa,"113 Thompson St, New York, NY 10012"
"Momofuku CCDC: 1090 I St NW, Washington, DC 20001",Momofuku CCDC,"1090 I St NW, Washington, DC 20001"
"Sobaya Lincoln Center: 19 W 44th St, New York, NY 10036",Sobaya Lincoln Center,"19 W 44th St, New York, NY 10036"
"Udon Noodle Shop: 308 E 49th St, New York, NY 10017",Udon Noodle Shop,"308 E 49th St, New York, NY 10017"
"Aburiya Raku UWS: 2182 Broadway, New York, NY 10024",Aburiya Raku UWS,"2182 Broadway, New York, NY 10024"
"Sushi Gari Tribeca: 130 W Broadway, New York, NY 10013",Sushi Gari Tribeca,"130 W Broadway, New York, NY 10013"
"Donburi King: 328 E 6th St, New York, NY 10003",Donburi King,"328 E 6th St, New York, NY 10003"
Han Dynasty: Multiple Locations,Han Dynasty,"215 W 85th St, New York, NY 10024, United States"
Han Dynasty: Multiple Locations,Han Dynasty,"90 3rd Ave, New York, NY 10003, United States"
Han Dynasty: Multiple Locations,Han Dynasty,"1 Dekalb Ave, Brooklyn, NY 11201, United States"
Han Dynasty: Multiple Locations,Han Dynasty,"4504 Pearson St, Queens, NY 11101, United States"
"Ramen Takumi: 428 E 9th St, New York, NY 10009",Ramen Takumi,"428 E 9th St, New York, NY 10009"
"Izakaya Juraku West Village: 35 Carmine St, New York, NY 10014",Izakaya Juraku West Village,"35 Carmine St, New York, NY 10014"
"Yopparai Sake Bar: 150 E 46th St, New York, NY 10017",Yopparai Sake Bar,"150 E 46th St, New York, NY 10017"
"akaya Harima: 310 E 46th St, New York, NY 10017",akaya Harima,"310 E 46th St, New York, NY 10017"
"SakaMai: 157 Ludlow St, New York, NY 10002",SakaMai,"157 Ludlow St, New York, NY 10002"
"EN Brasserie: 435 Hudson St, New York, NY 10014",EN Brasserie,"435 Hudson St, New York, NY 10014"
"Sobaya Chelsea Market: 75 9th Ave, New York, NY 10011",Sobaya Chelsea Market,"75 9th Ave, New York, NY 10011"
"Tora Ramen: 222 E 53rd St, New York, NY 10022",Tora Ramen,"222 E 53rd St, New York, NY 10022"
"Terakawa Ramen: 18 Lexington Ave, New York, NY 10010",Terakawa Ramen,"18 Lexington Ave, New York, NY 10010"
"Uchu Kaiseki Bar: 217 Eldridge St, New York, NY 10002",Uchu Kaiseki Bar,"217 Eldridge St, New York, NY 10002"
"Izakaya Torishin: 362 W 53rd St, New York, NY 10019",Izakaya Torishin,"362 W 53rd St, New York, NY 10019"
"Sushi by Bae: 430 E 9th St, New York, NY 10009",Sushi by Bae,"430 E 9th St, New York, NY 10009"
"Bohemian Soho: 24 Minetta Ln, New York, NY 10012",Bohemian Soho,"24 Minetta Ln, New York, NY 10012"
"Kiko: 146 Duane St, New York, NY 10013",Kiko,"146 Duane St, New York, NY 10013"
"Meijin Ramen: 360 W 46th St, New York, NY 10036",Meijin Ramen,"360 W 46th St, New York, NY 10036"
"Mew York City: 53 W 35th St 2nd Fl, New York, NY 10001",Mew York City,"53 W 35th St 2nd Fl, New York, NY 10001"
"Nami Nori Williamsburg: 276 Metropolitan Ave, Brooklyn, NY 11211",Nami Nori Williamsburg,"276 Metropolitan Ave, Brooklyn, NY 11211"
"Houseman: 508 Greenwich St, New York, NY 10013",Houseman,"508 Greenwich St, New York, NY 10013"
"Izakaya Bar Masa: 113 Thompson St, New York, NY 10012",Izakaya Bar Masa,"113 Thompson St, New York, NY 10012"
"Momofuku CCDC: 1090 I St NW, Washington, DC 20001",Momofuku CCDC,"1090 I St NW, Washington, DC 20001"
"Sobaya Lincoln Center: 19 W 44th St, New York, NY 10036",Sobaya Lincoln Center,"19 W 44th St, New York, NY 10036"
"Udon Noodle Shop: 308 E 49th St, New York, NY 10017",Udon Noodle Shop,"308 E 49th St, New York, NY 10017"
"Aburiya Raku UWS: 2182 Broadway, New York, NY 10024",Aburiya Raku UWS,"2182 Broadway, New York, NY 10024"
"Sushi Gari Tribeca: 130 W Broadway, New York, NY 10013",Sushi Gari Tribeca,"130 W Broadway, New York, NY 10013"
"Donburi King: 328 E 6th St, New York, NY 10003",Donburi King,"328 E 6th St, New York, NY 10003"
Han Dynasty: Multiple Locations,Han Dynasty,"215 W 85th St, New York, NY 10024, United States"
Han Dynasty: Multiple Locations,Han Dynasty,"90 3rd Ave, New York, NY 10003, United States"
Han Dynasty: Multiple Locations,Han Dynasty,"1 Dekalb Ave, Brooklyn, NY 11201, United States"
Han Dynasty: Multiple Locations,Han Dynasty,"4504 Pearson St, Queens, NY 11101, United States"
"Ramen Takumi: 428 E 9th St, New York, NY 10009",Ramen Takumi,"428 E 9th St, New York, NY 10009"
"Izakaya Juraku West Village: 35 Carmine St, New York, NY 10014",Izakaya Juraku West Village,"35 Carmine St, New York, NY 10014"
"Yopparai Sake Bar: 150 E 46th St, New York, NY 10017",Yopparai Sake Bar,"150 E 46th St, New York, NY 10017"
"Taro Sushi: 305 E 47th St, New York, NY 10017",Taro Sushi,"305 E 47th St, New York, NY 10017"
"Momofuku Má Pêche: 15 W 56th St, New York, NY 10019",Momofuku Má Pêche,"15 W 56th St, New York, NY 10019"
"Uogashi: 121 E 17th St, New York, NY 10003",Uogashi,"121 E 17th St, New York, NY 10003"
"Izakaya Shun: 309 E 5th St, New York, NY 10003",Izakaya Shun,"309 E 5th St, New York, NY 10003"
"Mr. Taka Ramen: 160 W 56th St, New York, NY 10019",Mr. Taka Ramen,"160 W 56th St, New York, NY 10019"
"Ippudo 5th Ave: 24 W 46th St, New York, NY 10036",Ippudo 5th Ave,"24 W 46th St, New York, NY 10036"
"Men Kui Tei Union Square: 35 W 14th St, New York, NY 10011",Men Kui Tei Union Square,"35 W 14th St, New York, NY 10011"
"Yakiniku Futago: 37 W 17th St, New York, NY 10011",Yakiniku Futago,"37 W 17th St, New York, NY 10011"
"Ootoya Chelsea: 141 W 17th St, New York, NY 10011",Ootoya Chelsea,"141 W 17th St, New York, NY 10011"
"Sobaya Midtown East: 229 E 44th St, New York, NY 10017",Sobaya Midtown East,"229 E 44th St, New York, NY 10017"
"Tonkotsu Ramen: 328 E 6th St, New York, NY 10003",Tonkotsu Ramen,"328 E 6th St, New York, NY 10003"
"Momofuku Ssäm Bar: 207 2nd Ave, New York, NY 10003",Momofuku Ssäm Bar,"207 2nd Ave, New York, NY 10003"
"Hide-Chan Ramen: 248 E 52nd St, New York, NY 10022",Hide-Chan Ramen,"248 E 52nd St, New York, NY 10022"
"Momofuku Kāwi: 163 First Ave, New York, NY 10003",Momofuku Kāwi,"163 First Ave, New York, NY 10003"
"Davelle: 46 Bowery St, New York, NY 10013",Davelle,"46 Bowery St, New York, NY 10013"
"Niche Niche: 43 Macdougal St, New York, NY 10012",Niche Niche,"43 Macdougal St, New York, NY 10012"
"Tsukimi: 228 E 10th St, New York, NY 10003",Tsukimi,"228 E 10th St, New York, NY 10003"
"Omakase Room by Mitsu: 9 Jones St, New York, NY 10014",Omakase Room by Mitsu,"9 Jones St, New York, NY 10014"
"Shoji at 69 Leonard Street: 69 Leonard St, New York, NY 10013",Shoji at 69 Leonard Street,"69 Leonard St, New York, NY 10013"
"En Japanese Brasserie: 435 Hudson St, New York, NY 10014",En Japanese Brasserie,"435 Hudson St, New York, NY 10014"
"Sushi Dojo: 110 1st Ave, New York, NY 10009",Sushi Dojo,"110 1st Ave, New York, NY 10009"
"Kissaki Water Street: 81 Water St, New York, NY 10005",Kissaki Water Street,"81 Water St, New York, NY 10005"
"Momofuku Noodle Bar West Village: 568 Amsterdam Ave, New York, NY 10024",Momofuku Noodle Bar West Village,"568 Amsterdam Ave, New York, NY 10024"
"K Ramen Burger Beer: 342 E 6th St, New York, NY 10003",K Ramen Burger Beer,"342 E 6th St, New York, NY 10003"
"Izakaya Torishin: 362 W 53rd St, New York, NY 10019",Izakaya Torishin,"362 W 53rd St, New York, NY 10019"
"Omakaseed: 342 Bowery, New York, NY 10012",Omakaseed,"342 Bowery, New York, NY 10012"
"Kintsugi: 20 Grand St, New York, NY 10013",Kintsugi,"20 Grand St, New York, NY 10013"
"Izakaya Ninja: 25 Hudson St, New York, NY 10013",Izakaya Ninja,"25 Hudson St, New York, NY 10013"
"Sushi Lab Rooftop: 132 W 47th St, New York, NY 10036",Sushi Lab Rooftop,"132 W 47th St, New York, NY 10036"
"1 OR 8: 66 S 2nd St, Brooklyn, NY 11211",1 OR 8,"66 S 2nd St, Brooklyn, NY 11211"
"DOMODOMO: 140 W Houston St, New York, NY 10012",DOMODOMO,"140 W Houston St, New York, NY 10012"
"The Izakaya: 326 E 6th St, New York, NY 10003",The Izakaya,"326 E 6th St, New York, NY 10003"
"Riki: 27 Grand St, New York, NY 10013",Riki,"27 Grand St, New York, NY 10013"
"Momofuku Noodle Bar Columbus Circle: 10 Columbus Cir, New York, NY 10019",Momofuku Noodle Bar Columbus Circle,"10 Columbus Cir, New York, NY 10019"
"Momofuku Kōjin: 195 Chrystie St, New York, NY 10002",Momofuku Kōjin,"195 Chrystie St, New York, NY 10002"
"ROKC: 3452 Broadway, New York, NY 10031",ROKC,"3452 Broadway, New York, NY 10031"
"Sobaya Upper West Side: 230 W 79th St, New York, NY 10024",Sobaya Upper West Side,"230 W 79th St, New York, NY 10024"
"Tempura Matsui: 222 E 39th St, New York, NY 10016",Tempura Matsui,"222 E 39th St, New York, NY 10016"
"Aburiya Raku: 120 E 40th St, New York, NY 10016",Aburiya Raku,"120 E 40th St, New York, NY 10016"
"Udon Lab: 120 St Marks Pl, New York, NY 10009",Udon Lab,"120 St Marks Pl, New York, NY 10009"
"Raku: 48 MacDougal St, New York, NY 10012",Raku,"48 MacDougal St, New York, NY 10012"
"Menchanko-Tei: 39 W 55th St, New York, NY 10019",Menchanko-Tei,"39 W 55th St, New York, NY 10019"
"Oiji Mi: 17 W 19th St, New York, NY 10011",Oiji Mi,"17 W 19th St, New York, NY 10011"
"Hasaki Restaurant: 210 E 9th St, New York, NY 10003",Hasaki Restaurant,"210 E 9th St, New York, NY 10003"
"Izakaya #1: 131 Avenue A, New York, NY 10009",Izakaya #1,"131 Avenue A, New York, NY 10009"
"Suki: 140 W Houston St, New York, NY 10012",Suki,"140 W Houston St, New York, NY 10012"
"Omakase Room by Tatsu: 285 W Broadway, New York, NY 10013",Omakase Room by Tatsu,"285 W Broadway, New York, NY 10013"
"Sushi Ishikawa: 419 E 9th St, New York, NY 10009",Sushi Ishikawa,"419 E 9th St, New York, NY 10009"
"Tetsu Basement: 135 Thompson St, New York, NY 10012",Tetsu Basement,"135 Thompson St, New York, NY 10012"
"Nami Nori: 33 Carmine St, New York, NY 10014",Nami Nori,"33 Carmine St, New York, NY 10014"
"Sobaya: 229 E 9th St, New York, NY 10003",Sobaya,"229 E 9th St, New York, NY 10003"
"Tsurutontan Udon Noodle Brasserie: 21 E 16th St, New York, NY 10003",Tsurutontan Udon Noodle Brasserie,"21 E 16th St, New York, NY 10003"
"Taro Sushi: 1822 2nd Ave, New York, NY 10128",Taro Sushi,"1822 2nd Ave, New York, NY 10128"
"Sushi Choshi: 13 E 47th St, New York, NY 10017",Sushi Choshi,"13 E 47th St, New York, NY 10017"
"Hatsuhana: 17 E 48th St, New York, NY 10017",Hatsuhana,"17 E 48th St, New York, NY 10017"
"Sushi of Gari 46: 347 W 46th St, New York, NY 10036",Sushi of Gari 46,"347 W 46th St, New York, NY 10036"
"Aburiya Raku - East Village: 28 Greenwich Ave, New York, NY 10011",Aburiya Raku - East Village,"28 Greenwich Ave, New York, NY 10011"
"Don Wagyu: 28 S William St, New York, NY 10004",Don Wagyu,"28 S William St, New York, NY 10004"
"Icca: 55 Franklin St, New York, NY 10013",Icca,"55 Franklin St, New York, NY 10013"
"Sobakoh: 309 E 5th St, New York, NY 10003",Sobakoh,"309 E 5th St, New York, NY 10003"
"Zuma: 261 Madison Ave, New York, NY 10016",Zuma,"261 Madison Ave, New York, NY 10016"
"EN Japanese Brasserie: 435 Hudson St, New York, NY 10014",EN Japanese Brasserie,"435 Hudson St, New York, NY 10014"
"Ootoya Chelsea: 141 W 17th St, New York, NY 10011",Ootoya Chelsea,"141 W 17th St, New York, NY 10011"
"Momosan Ramen & Sake: 342 Lexington Ave, New York, NY 10016",Momosan Ramen & Sake,"342 Lexington Ave, New York, NY 10016"
"Menchanko-Tei: 39 W 55th St, New York, NY 10019",Menchanko-Tei,"39 W 55th St, New York, NY 10019"
"Izakaya Samurice: 252 W 14th St, New York, NY 10011",Izakaya Samurice,"252 W 14th St, New York, NY 10011"
"Suki: 140 W Houston St, New York, NY 10012",Suki,"140 W Houston St, New York, NY 10012"
"Sen Sakana: 28 W 44th St, New York, NY 10036",Sen Sakana,"28 W 44th St, New York, NY 10036"
"Kintsugi NYC: 20 Grand St, New York, NY 10013",Kintsugi NYC,"20 Grand St, New York, NY 10013"
"Sobaya East Village: 229 E 9th St, New York, NY 10003",Sobaya East Village,"229 E 9th St, New York, NY 10003"
Mr Taka Ramen: Multiple Locations,Mr Taka Ramen,"170 Allen St, New York, NY 10002, United States"
Mr Taka Ramen: Multiple Locations,Mr Taka Ramen,"55 Water St, Brooklyn, NY 11201, United States"
Mr Taka Ramen: Multiple Locations,Mr Taka Ramen,"368 Stratford Rd, Brooklyn, NY 11218, United States"
"Ramen by MEW: 180 W 4th St, New York, NY 10014",Ramen by MEW,"180 W 4th St, New York, NY 10014"
"Nakamura: 172 Delancey St, New York, NY 10002",Nakamura,"172 Delancey St, New York, NY 10002"
"Yakitori Torishin: 274 W 23rd St, New York, NY 10011",Yakitori Torishin,"274 W 23rd St, New York, NY 10011"
"Sushi Inoue: 381 Lenox Ave, New York, NY 10027",Sushi Inoue,"381 Lenox Ave, New York, NY 10027"
"Omakase by Hiro: 310 W 53rd St, New York, NY 10019",Omakase by Hiro,"310 W 53rd St, New York, NY 10019"
"Omakase Room by Mitsu: 9 Jones St, New York, NY 10014",Omakase Room by Mitsu,"9 Jones St, New York, NY 10014"
"Kanoyama: 175 2nd Ave, New York, NY 10003",Kanoyama,"175 2nd Ave, New York, NY 10003"
"Yakitori Zai: 156 Chambers St, New York, NY 10007",Yakitori Zai,"156 Chambers St, New York, NY 10007"
"Kambi Ramen House: 546 W 112th St, New York, NY 10025",Kambi Ramen House,"546 W 112th St, New York, NY 10025"
"Rai Rai Ken Midtown: 568 3rd Ave, New York, NY 10016",Rai Rai Ken Midtown,"568 3rd Ave, New York, NY 10016"
"Sushi Katsuei: 210 E 44th St, New York, NY 10017",Sushi Katsuei,"210 E 44th St, New York, NY 10017"
"Bar Moga East: 1 E 13th St, New York, NY 10003",Bar Moga East,"1 E 13th St, New York, NY 10003"
"Koyo: 205 Chrystie St, New York, NY 10002",Koyo,"205 Chrystie St, New York, NY 10002"
"Sushi on Me: 176 Orchard St, New York, NY 10002",Sushi on Me,"176 Orchard St, New York, NY 10002"
"Soba Noodle Azuma: 490 8th Ave, New York, NY 10001",Soba Noodle Azuma,"490 8th Ave, New York, NY 10001"
"Udon Time: 145 E 45th St, New York, NY 10017",Udon Time,"145 E 45th St, New York, NY 10017"
"Aburiya Raku UWS: 2182 Broadway, New York, NY 10024",Aburiya Raku UWS,"2182 Broadway, New York, NY 10024"
"Sushi Gari Tribeca: 130 W Broadway, New York, NY 10013",Sushi Gari Tribeca,"130 W Broadway, New York, NY 10013"
"Donburi King: 328 E 6th St, New York, NY 10003",Donburi King,"328 E 6th St, New York, NY 10003"
"Ramen Takumi: 428 E 9th St, New York, NY 10009",Ramen Takumi,"428 E 9th St, New York, NY 10009"
"Izakaya Juraku West Village: 35 Carmine St, New York, NY 10014",Izakaya Juraku West Village,"35 Carmine St, New York, NY 10014"
"Yopparai Sake Bar: 150 E 46th St, New York, NY 10017",Yopparai Sake Bar,"150 E 46th St, New York, NY 10017"
"Izakaya Harima: 310 E 46th St, New York, NY 10017",Izakaya Harima,"310 E 46th St, New York, NY 10017"
"SakaMai: 157 Ludlow St, New York, NY 10002",SakaMai,"157 Ludlow St, New York, NY 10002"
"Sushi Katsuei Midtown: 141 E 45th St, New York, NY 10017",Sushi Katsuei Midtown,"141 E 45th St, New York, NY 10017"
"Kaiyō Rooftop: 15 W 44th St 18th floor, New York, NY 10036",Kaiyō Rooftop,"15 W 44th St 18th floor, New York, NY 10036"
"Sobaya Upper West Side: 230 W 79th St, New York, NY 10024",Sobaya Upper West Side,"230 W 79th St, New York, NY 10024"
"Soba Totto West: 120 W 55th St, New York, NY 10019",Soba Totto West,"120 W 55th St, New York, NY 10019"
"Momofuku Noodle Bar Upper West Side: 2128 Broadway, New York, NY 10023",Momofuku Noodle Bar Upper West Side,"2128 Broadway, New York, NY 10023"
"Taro Sushi Upper East Side: 1325 Second Ave, New York, NY 10021",Taro Sushi Upper East Side,"1325 Second Ave, New York, NY 10021"
"Udon West 55th Street: 132 W 55th St, New York, NY 10019",Udon West 55th Street,"132 W 55th St, New York, NY 10019"
"Momofuku Noodle Bar East Village: 382 6th Ave, New York, NY 10014",Momofuku Noodle Bar East Village,"382 6th Ave, New York, NY 10014"
"Sobaya Financial District: 40 Broad St, New York, NY 10004",Sobaya Financial District,"40 Broad St, New York, NY 10004"
"Momofuku Ssam Bar: 207 2nd Ave, New York, NY 10003",Momofuku Ssam Bar,"207 2nd Ave, New York, NY 10003"
"Hide-Chan Ramen: 248 E 52nd St, New York, NY 10022",Hide-Chan Ramen,"248 E 52nd St, New York, NY 10022"
"Tsukimi: 228 E 10th St, New York, NY 10003",Tsukimi,"228 E 10th St, New York, NY 10003"
"Shoji at 69 Leonard Street: 69 Leonard St, New York, NY 10013",Shoji at 69 Leonard Street,"69 Leonard St, New York, NY 10013"
"En Japanese Brasserie: 435 Hudson St, New York, NY 10014",En Japanese Brasserie,"435 Hudson St, New York, NY 10014"
"Sushi Dojo: 110 1st Ave, New York, NY 10009",Sushi Dojo,"110 1st Ave, New York, NY 10009"
"Kissaki Water Street: 81 Water St, New York, NY 10005",Kissaki Water Street,"81 Water St, New York, NY 10005"
"Izakaya Torishin: 362 W 53rd St, New York, NY 10019",Izakaya Torishin,"362 W 53rd St, New York, NY 10019"
"Omakaseed: 342 Bowery, New York, NY 10012",Omakaseed,"342 Bowery, New York, NY 10012"
"Sushi Lab Rooftop: 132 W 47th St, New York, NY 10036",Sushi Lab Rooftop,"132 W 47th St, New York, NY 10036"
"DOMODOMO: 140 W Houston St, New York, NY 10012",DOMODOMO,"140 W Houston St, New York, NY 10012"
"The Izakaya: 326 E 6th St, New York, NY 10003",The Izakaya,"326 E 6th St, New York, NY 10003"
"Riki: 27 Grand St, New York, NY 10013",Riki,"27 Grand St, New York, NY 10013"
"Momofuku Kōjin: 195 Chrystie St, New York, NY 10002",Momofuku Kōjin,"195 Chrystie St, New York, NY 10002"
"Sobaya Upper West Side: 230 W 79th St, New York, NY 10024",Sobaya Upper West Side,"230 W 79th St, New York, NY 10024"
"Tempura Matsui: 222 E 39th St, New York, NY 10016",Tempura Matsui,"222 E 39th St, New York, NY 10016"
"Udon Lab: 120 St Marks Pl, New York, NY 10009",Udon Lab,"120 St Marks Pl, New York, NY 10009"
"Raku: 48 MacDougal St, New York, NY 10012",Raku,"48 MacDougal St, New York, NY 10012"
"Menchanko-Tei: 39 W 55th St, New York, NY 10019",Menchanko-Tei,"39 W 55th St, New York, NY 10019"
"Oiji Mi: 17 W 19th St, New York, NY 10011",Oiji Mi,"17 W 19th St, New York, NY 10011"
"Izakaya #1: 131 Avenue A, New York, NY 10009",Izakaya #1,"131 Avenue A, New York, NY 10009"
"Sen Sakana: 28 W 44th St, New York, NY 10036",Sen Sakana,"28 W 44th St, New York, NY 10036"
"Sobaya East Village: 229 E 9th St, New York, NY 10003",Sobaya East Village,"229 E 9th St, New York, NY 10003"
"Yakitori Torishin: 274 W 23rd St, New York, NY 10011",Yakitori Torishin,"274 W 23rd St, New York, NY 10011"
"Sushi Inoue: 381 Lenox Ave, New York, NY 10027",Sushi Inoue,"381 Lenox Ave, New York, NY 10027"
"Kanoyama: 175 2nd Ave, New York, NY 10003",Kanoyama,"175 2nd Ave, New York, NY 10003"
"Kambi Ramen House: 546 W 112th St, New York, NY 10025",Kambi Ramen House,"546 W 112th St, New York, NY 10025"
"Rai Rai Ken Midtown: 568 3rd Ave, New York, NY 10016",Rai Rai Ken Midtown,"568 3rd Ave, New York, NY 10016"
"Sushi Katsuei: 210 E 44th St, New York, NY 10017",Sushi Katsuei,"210 E 44th St, New York, NY 10017"
"Bar Moga East: 1 E 13th St, New York, NY 10003",Bar Moga East,"1 E 13th St, New York, NY 10003"
"Koyo: 205 Chrystie St, New York, NY 10002",Koyo,"205 Chrystie St, New York, NY 10002"
"Soba Noodle Azuma: 490 8th Ave, New York, NY 10001",Soba Noodle Azuma,"490 8th Ave, New York, NY 10001"
"Udon Time: 145 E 45th St, New York, NY 10017",Udon Time,"145 E 45th St, New York, NY 10017"
"Don Wagyu: 28 S William St, New York, NY 10004",Don Wagyu,"28 S William St, New York, NY 10004"
Wagamama: Multiple Locations,Wagamama,"100 W 55th St, New York, NY 10019, United States"
Wagamama: Multiple Locations,Wagamama,"605 3rd Ave, New York, NY 10158, United States"
Wagamama: Multiple Locations,Wagamama,"210 fifth avenue, W 26th St at, New York, NY 10010, United States"
Totto Ramen: Multiple Locations,Totto Ramen,"248 E 52nd St, New York, NY 10022, United States"
Totto Ramen: Multiple Locations,Totto Ramen,"464 W 51st St, New York, NY 10019, United States"
"Izakaya Torishin: 362 W 53rd St, New York, NY 10019",Izakaya Torishin,"362 W 53rd St, New York, NY 10019"
"Miso Ramen: 315 5th Ave, Brooklyn, NY 11215",Miso Ramen,"315 5th Ave, Brooklyn, NY 11215"
"Gaijin Izakaya: 37 King St, New York, NY 10014",Gaijin Izakaya,"37 King St, New York, NY 10014"
"Sobaya Ramen Brooklyn: 55 Willoughby St, Brooklyn, NY 11201",Sobaya Ramen Brooklyn,"55 Willoughby St, Brooklyn, NY 11201"
"Wakuwaku: 14 Bedford Ave, Brooklyn, NY 11222",Wakuwaku,"14 Bedford Ave, Brooklyn, NY 11222"
"Kimika: 40 Kenmare St, New York, NY 10012",Kimika,"40 Kenmare St, New York, NY 10012"
"Nami Nori Greenwich Village: 27 Jones St, New York, NY 10014",Nami Nori Greenwich Village,"27 Jones St, New York, NY 10014"
"Nami Nori West Village: 33 Carmine St, New York, NY 10014",Nami Nori West Village,"33 Carmine St, New York, NY 10014"
"Omakase Room by Chef Hiro: 310 W 53rd St, New York, NY 10019",Omakase Room by Chef Hiro,"310 W 53rd St, New York, NY 10019"
"Okonomi Yuji Ramen: 150 Ainslie St, Brooklyn, NY 11211",Okonomi Yuji Ramen,"150 Ainslie St, Brooklyn, NY 11211"
"Oiji: 119 1st Ave, New York, NY 10003",Oiji,"119 1st Ave, New York, NY 10003"
"Momofuku Kāwi: 163 1st Ave, New York, NY 10003",Momofuku Kāwi,"163 1st Ave, New York, NY 10003"
"Bar Moga: 128 W Houston St, New York, NY 10012",Bar Moga,"128 W Houston St, New York, NY 10012"
"Momofuku Noodle Bar Upper West Side: 2128 Broadway, New York, NY 10023",Momofuku Noodle Bar Upper West Side,"2128 Broadway, New York, NY 10023"
"Ramen Ishida: 122 E 7th St, New York, NY 10009",Ramen Ishida,"122 E 7th St, New York, NY 10009"
"Momofuku Noodle Bar Columbus Circle: 10 Columbus Cir, New York, NY 10019",Momofuku Noodle Bar Columbus Circle,"10 Columbus Cir, New York, NY 10019"
"Yopparai: 150 E 46th St, New York, NY 10017",Yopparai,"150 E 46th St, New York, NY 10017"
"Dr Clark: 104 2nd Ave, New York, NY 10003",Dr Clark,"104 2nd Ave, New York, NY 10003"
"Hi-Collar: 214 E 10th St, New York, NY 10003",Hi-Collar,"214 E 10th St, New York, NY 10003"
"Soba Nippon: 19 W 52nd St, New York, NY 10019",Soba Nippon,"19 W 52nd St, New York, NY 10019"
"Enjb: 207 E 75th St, New York, NY 10021",Enjb,"207 E 75th St, New York, NY 10021"
"Zutto: 77 Hudson St, New York, NY 10006",Zutto,"77 Hudson St, New York, NY 10006"
"Curry-Ya: 214 E 10th St, New York, NY 10003",Curry-Ya,"214 E 10th St, New York, NY 10003"
"Ramen Shack: 120 W 3rd St, New York, NY 10012",Ramen Shack,"120 W 3rd St, New York, NY 10012"
"Bar Moga: 128 W Houston St, New York, NY 10012",Bar Moga,"128 W Houston St, New York, NY 10012"
"Tonchin: 13 W 36th St, New York, NY 10018",Tonchin,"13 W 36th St, New York, NY 10018"
"Ikinari Steak: 90 E 10th St, New York, NY 10003",Ikinari Steak,"90 E 10th St, New York, NY 10003"
"Ramen by MEW: 180 W 4th St, New York, NY 10014",Ramen by MEW,"180 W 4th St, New York, NY 10014"
"Sushi Inoue: 381 Lenox Ave, New York, NY 10027",Sushi Inoue,"381 Lenox Ave, New York, NY 10027"
"Omakase by Hiro: 310 W 53rd St, New York, NY 10019",Omakase by Hiro,"310 W 53rd St, New York, NY 10019"
"Sushi Amane: 245 E 44th St, New York, NY 10017",Sushi Amane,"245 E 44th St, New York, NY 10017"
"Kambi Ramen House: 546 W 112th St, New York, NY 10025",Kambi Ramen House,"546 W 112th St, New York, NY 10025"
"Bar Moga East: 1 E 13th St, New York, NY 10003",Bar Moga East,"1 E 13th St, New York, NY 10003"
"Sushi on Me: 176 Orchard St, New York, NY 10002",Sushi on Me,"176 Orchard St, New York, NY 10002"
"Soba Noodle Azuma: 490 8th Ave, New York, NY 10001",Soba Noodle Azuma,"490 8th Ave, New York, NY 10001"
"Udon Time: 145 E 45th St, New York, NY 10017",Udon Time,"145 E 45th St, New York, NY 10017"
"Don Wagyu: 28 S William St, New York, NY 10004",Don Wagyu,"28 S William St, New York, NY 10004"
"Uchu Kaiseki Bar: 217 Eldridge St, New York, NY 10002",Uchu Kaiseki Bar,"217 Eldridge St, New York, NY 10002"
"Bohemian Soho: 24 Minetta Ln, New York, NY 10012",Bohemian Soho,"24 Minetta Ln, New York, NY 10012"
"Kiko: 146 Duane St, New York, NY 10013",Kiko,"146 Duane St, New York, NY 10013"
"Mew York City: 53 W 35th St 2nd Fl, New York, NY 10001",Mew York City,"53 W 35th St 2nd Fl, New York, NY 10001"
"Nami Nori Williamsburg: 276 Metropolitan Ave, Brooklyn, NY 11211",Nami Nori Williamsburg,"276 Metropolitan Ave, Brooklyn, NY 11211"
"Houseman: 508 Greenwich St, New York, NY 10013",Houseman,"508 Greenwich St, New York, NY 10013"
"Izakaya Bar Masa: 113 Thompson St, New York, NY 10012",Izakaya Bar Masa,"113 Thompson St, New York, NY 10012"
"Sobaya Lincoln Center: 19 W 44th St, New York, NY 10036",Sobaya Lincoln Center,"19 W 44th St, New York, NY 10036"
"Udon Noodle Shop: 308 E 49th St, New York, NY 10017",Udon Noodle Shop,"308 E 49th St, New York, NY 10017"
"J-Spec LIC: 26-25 Jackson Ave, Long Island City, NY 11101",J-Spec LIC,"26-25 Jackson Ave, Long Island City, NY 11101"
"Mu Ramen: 1209 Jackson Ave, Long Island City, NY 11101",Mu Ramen,"1209 Jackson Ave, Long Island City, NY 11101"
"Kogane Ramen: 12-38 Jackson Ave, Long Island City, NY 11101",Kogane Ramen,"12-38 Jackson Ave, Long Island City, NY 11101"
"Murasaki: 45-33 Pearson St, Long Island City, NY 11101",Murasaki,"45-33 Pearson St, Long Island City, NY 11101"
"Tamashii Ramen & Sake Bar: 28-14 49th Ave, Long Island City, NY 11101",Tamashii Ramen & Sake Bar,"28-14 49th Ave, Long Island City, NY 11101"
"Junko Sushi & Bar: 23-19 21st St, Astoria, NY 11105",Junko Sushi & Bar,"23-19 21st St, Astoria, NY 11105"
"SHU Ramen: 136-18 39th Ave, Flushing, NY 11354",SHU Ramen,"136-18 39th Ave, Flushing, NY 11354"
"Ramen Danbo LIC: 24-23 Jackson Ave, Long Island City, NY 11101",Ramen Danbo LIC,"24-23 Jackson Ave, Long Island City, NY 11101"
"Ramen Shack LIC: 48-14 Vernon Blvd, Long Island City, NY 11101",Ramen Shack LIC,"48-14 Vernon Blvd, Long Island City, NY 11101"
"Matchaful LIC: 48-20 Vernon Blvd, Long Island City, NY 11101",Matchaful LIC,"48-20 Vernon Blvd, Long Island City, NY 11101"
"Jiro Ramen: 13-13 40th Ave, Flushing, NY 11352",Jiro Ramen,"13-13 40th Ave, Flushing, NY 11352"
"Kouryu Japanese Cuisine: 35-04 Ditmars Blvd, Astoria, NY 11105",Kouryu Japanese Cuisine,"35-04 Ditmars Blvd, Astoria, NY 11105"
"Katsushika Ramen: 32-81 31st St, Astoria, NY 11106",Katsushika Ramen,"32-81 31st St, Astoria, NY 11106"
"Hamachi Grill: 31-11 Broadway, Astoria, NY 11106",Hamachi Grill,"31-11 Broadway, Astoria, NY 11106"
"Sugarfish: 33-30 Ditmars Blvd, Astoria, NY 11105",Sugarfish,"33-30 Ditmars Blvd, Astoria, NY 11105"
"Hanabi Ramen: 25-24 Broadway, Astoria, NY 11106",Hanabi Ramen,"25-24 Broadway, Astoria, NY 11106"
"Yuzu Ramen: 34-19 30th Ave, Astoria, NY 11103",Yuzu Ramen,"34-19 30th Ave, Astoria, NY 11103"
"Ramen Goku: 34-25 Steinway St, Astoria, NY 11103",Ramen Goku,"34-25 Steinway St, Astoria, NY 11103"
"Miso: 685 6th Ave, Brooklyn, NY 11215",Miso,"685 6th Ave, Brooklyn, NY 11215"
"Samurai Mama: 785 Flushing Ave, Brooklyn, NY 11206",Samurai Mama,"785 Flushing Ave, Brooklyn, NY 11206"
"Mifune: 245 E 44th St, New York, NY 10017",Mifune,"245 E 44th St, New York, NY 10017"
"Cherry Izakaya: 138 N 8th St, Brooklyn, NY 11211",Cherry Izakaya,"138 N 8th St, Brooklyn, NY 11211"
"Rule of Thirds: 171 Banker St, Brooklyn, NY 11222",Rule of Thirds,"171 Banker St, Brooklyn, NY 11222"
"Karazishi Botan: 255 Smith St, Brooklyn, NY 11231",Karazishi Botan,"255 Smith St, Brooklyn, NY 11231"
"Kimura: 242 Wythe Ave, Brooklyn, NY 11249",Kimura,"242 Wythe Ave, Brooklyn, NY 11249"
"Okonomi: 150 Ainslie St, Brooklyn, NY 11211",Okonomi,"150 Ainslie St, Brooklyn, NY 11211"
"Geido: 331 Flatbush Ave, Brooklyn, NY 11217",Geido,"331 Flatbush Ave, Brooklyn, NY 11217"
"Cherry Izakaya - Williamsburg: 138 N 8th St, Brooklyn, NY 11211",Cherry Izakaya - Williamsburg,"138 N 8th St, Brooklyn, NY 11211"
"Bar Benno: 76 Berry St, Brooklyn, NY 11249",Bar Benno,"76 Berry St, Brooklyn, NY 11249"
Xian Famous Foods: Multiple locations in Brooklyn,Xian Famous Foods,Multiple locations in Brooklyn
"Odo: 17 W 20th St, New York, NY 10011",Odo,"17 W 20th St, New York, NY 10011"
"Momoya Soho: 47 Prince St, New York, NY 10012",Momoya Soho,"47 Prince St, New York, NY 10012"
"Cocoron: 61 Delancey St, New York, NY 10002",Cocoron,"61 Delancey St, New York, NY 10002"
"Yopparai Ronin: 150 E 46th St, New York, NY 10017",Yopparai Ronin,"150 E 46th St, New York, NY 10017"
"Tsukimi: 228 E 10th St, New York, NY 10003",Tsukimi,"228 E 10th St, New York, NY 10003"
"Izakaya Juraku West Village: 35 Carmine St, New York, NY 10014",Izakaya Juraku West Village,"35 Carmine St, New York, NY 10014"
"Soba Totto West: 120 W 55th St, New York, NY 10019",Soba Totto West,"120 W 55th St, New York, NY 10019"
"Omakase Room by Chef Hiro: 310 W 53rd St, New York, NY 10019",Omakase Room by Chef Hiro,"310 W 53rd St, New York, NY 10019"
"Ramen Misoya: 129 2nd Ave, New York, NY 10003",Ramen Misoya,"129 2nd Ave, New York, NY 10003"
"Zen Ramen & Sushi: 137 E 45th St, New York, NY 10017",Zen Ramen & Sushi,"137 E 45th St, New York, NY 10017"
"Takashi: 456 Hudson St, New York, NY 10014",Takashi,"456 Hudson St, New York, NY 10014"
"Soba Totto Ramen: 211 E 43rd St, New York, NY 10017",Soba Totto Ramen,"211 E 43rd St, New York, NY 10017"
"Menchanko-Tei Midtown: 61 W 56th St, New York, NY 10019",Menchanko-Tei Midtown,"61 W 56th St, New York, NY 10019"
"Cha-An: 230 E 9th St, New York, NY 10003",Cha-An,"230 E 9th St, New York, NY 10003"
"Bar GOTO Niban: 378 Broome St, New York, NY 10013",Bar GOTO Niban,"378 Broome St, New York, NY 10013"
"Ramen Danbo East Village: 44 St Marks Pl, New York, NY 10003",Ramen Danbo East Village,"44 St Marks Pl, New York, NY 10003"
"The Izakaya: 326 E 6th St, New York, NY 10003",The Izakaya,"326 E 6th St, New York, NY 10003"
"Minca Ramen Factory: 536 E 5th St, New York, NY 10009",Minca Ramen Factory,"536 E 5th St, New York, NY 10009"
"Sake Bar Decibel: 240 E 9th St, New York, NY 10003",Sake Bar Decibel,"240 E 9th St, New York, NY 10003"
"Soba Nippon Upper West Side: 2604 Broadway, New York, NY 10025",Soba Nippon Upper West Side,"2604 Broadway, New York, NY 10025"
"Sushi of Gari Tribeca: 130 W Broadway, New York, NY 10013",Sushi of Gari Tribeca,"130 W Broadway, New York, NY 10013"
"Momofuku Kāwi Bar: 8 Extra Place, New York, NY 10003",Momofuku Kāwi Bar,"8 Extra Place, New York, NY 10003"
"Akashi Soho: 280 9th Ave, New York, NY 10001",Akashi Soho,"280 9th Ave, New York, NY 10001"
"Dr Clark Midtown East: 946 2nd Ave, New York, NY 10022",Dr Clark Midtown East,"946 2nd Ave, New York, NY 10022"
"Tsurutontan Midtown West: 112 W 38th St, New York, NY 10018",Tsurutontan Midtown West,"112 W 38th St, New York, NY 10018"
"SakaMai West Village: 157 Ludlow St, New York, NY 10002",SakaMai West Village,"157 Ludlow St, New York, NY 10002"
"Sake Bar Hagi: 152 W 49th St, New York, NY 10019",Sake Bar Hagi,"152 W 49th St, New York, NY 10019"
"Momofuku Noodle Bar Chelsea: 181 8th Ave, New York, NY 10011",Momofuku Noodle Bar Chelsea,"181 8th Ave, New York, NY 10011"
"Izakaya Mew Chelsea: 180 W 4th St, New York, NY 10014",Izakaya Mew Chelsea,"180 W 4th St, New York, NY 10014"
"Takashi LES: 456 Hudson St, New York, NY 10014",Takashi LES,"456 Hudson St, New York, NY 10014"
"Soba Totto Midtown: 211 E 43rd St, New York, NY 10017",Soba Totto Midtown,"211 E 43rd St, New York, NY 10017"
"Sushiden: 19 E 49th St, New York, NY 10017",Sushiden,"19 E 49th St, New York, NY 10017"
"Sushi Ginza Onodera: 461 5th Ave, New York, NY 10017",Sushi Ginza Onodera,"461 5th Ave, New York, NY 10017"
"Megu Midtown: 62 Thomas St, New York, NY 10013",Megu Midtown,"62 Thomas St, New York, NY 10013"
"Nakamura: 172 Delancey St, New York, NY 10002",Nakamura,"172 Delancey St, New York, NY 10002"
"Ramen By MEW East Village: 180 W 4th St, New York, NY 10014",Ramen By MEW East Village,"180 W 4th St, New York, NY 10014"
"Hirohisa: 73 Thompson St, New York, NY 10012",Hirohisa,"73 Thompson St, New York, NY 10012"
"KazuNori: 15 W 28th St, New York, NY 10001",KazuNori,"15 W 28th St, New York, NY 10001"
"Sushi Noz: 181 E 78th St, New York, NY 10075",Sushi Noz,"181 E 78th St, New York, NY 10075"
"Tsukimi Ramen: 228 E 10th St, New York, NY 10003",Tsukimi Ramen,"228 E 10th St, New York, NY 10003"
"Miso: 685 6th Ave, Brooklyn, NY 11215",Miso,"685 6th Ave, Brooklyn, NY 11215"
"Samurai Mama: 785 Flushing Ave, Brooklyn, NY 11206",Samurai Mama,"785 Flushing Ave, Brooklyn, NY 11206"
"Mifune: 245 E 44th St, New York, NY 10017",Mifune,"245 E 44th St, New York, NY 10017"
"Cherry Izakaya: 138 N 8th St, Brooklyn, NY 11211",Cherry Izakaya,"138 N 8th St, Brooklyn, NY 11211"
"Rule of Thirds: 171 Banker St, Brooklyn, NY 11222",Rule of Thirds,"171 Banker St, Brooklyn, NY 11222"
"Karazishi Botan: 255 Smith St, Brooklyn, NY 11231",Karazishi Botan,"255 Smith St, Brooklyn, NY 11231"
"Kimura: 242 Wythe Ave, Brooklyn, NY 11249",Kimura,"242 Wythe Ave, Brooklyn, NY 11249"
"Okonomi: 150 Ainslie St, Brooklyn, NY 11211",Okonomi,"150 Ainslie St, Brooklyn, NY 11211"
"Geido: 331 Flatbush Ave, Brooklyn, NY 11217",Geido,"331 Flatbush Ave, Brooklyn, NY 11217"
"Cherry Izakaya - Williamsburg: 138 N 8th St, Brooklyn, NY 11211",Cherry Izakaya - Williamsburg,"138 N 8th St, Brooklyn, NY 11211"
"Bar Benno: 76 Berry St, Brooklyn, NY 11249",Bar Benno,"76 Berry St, Brooklyn, NY 11249"
"Aji: 236 Flatbush Ave, Brooklyn, NY 11217",Aji,"236 Flatbush Ave, Brooklyn, NY 11217"
"Murasaki: 45-33 Pearson St, Long Island City, NY 11101",Murasaki,"45-33 Pearson St, Long Island City, NY 11101"
"Junko Sushi & Bar: 23-19 21st St, Astoria, NY 11105",Junko Sushi & Bar,"23-19 21st St, Astoria, NY 11105"
"SHU Ramen: 136-18 39th Ave, Flushing, NY 11354",SHU Ramen,"136-18 39th Ave, Flushing, NY 11354"
"Matchaful LIC: 48-20 Vernon Blvd, Long Island City, NY 11101",Matchaful LIC,"48-20 Vernon Blvd, Long Island City, NY 11101"
"Jiro Ramen: 13-13 40th Ave, Flushing, NY 11352",Jiro Ramen,"13-13 40th Ave, Flushing, NY 11352"
"Kouryu Japanese Cuisine: 35-04 Ditmars Blvd, Astoria, NY 11105",Kouryu Japanese Cuisine,"35-04 Ditmars Blvd, Astoria, NY 11105"
"Katsushika Ramen: 32-81 31st St, Astoria, NY 11106",Katsushika Ramen,"32-81 31st St, Astoria, NY 11106"
"Tamashii Ramen & Sake Bar: 28-14 49th Ave, Long Island City, NY 11101",Tamashii Ramen & Sake Bar,"28-14 49th Ave, Long Island City, NY 11101"
"Ramen Danbo LIC: 24-23 Jackson Ave, Long Island City, NY 11101",Ramen Danbo LIC,"24-23 Jackson Ave, Long Island City, NY 11101"
"Ramen Shack LIC: 48-14 Vernon Blvd, Long Island City, NY 11101",Ramen Shack LIC,"48-14 Vernon Blvd, Long Island City, NY 11101"
"Takumen LIC: 47-55 51st St, Woodside, NY 11377",Takumen LIC,"47-55 51st St, Woodside, NY 11377"
"Hamachi Grill: 31-11 Broadway, Astoria, NY 11106",Hamachi Grill,"31-11 Broadway, Astoria, NY 11106"
"Sugarfish: 33-30 Ditmars Blvd, Astoria, NY 11105",Sugarfish,"33-30 Ditmars Blvd, Astoria, NY 11105"
"Hanabi Ramen: 25-24 Broadway, Astoria, NY 11106",Hanabi Ramen,"25-24 Broadway, Astoria, NY 11106"
"Yuzu Ramen: 34-19 30th Ave, Astoria, NY 11103",Yuzu Ramen,"34-19 30th Ave, Astoria, NY 11103"
"Ramen Goku: 34-25 Steinway St, Astoria, NY 11103",Ramen Goku,"34-25 Steinway St, Astoria, NY 11103"
"Komeeda: 31-29 Steinway St, Astoria, NY 11103",Komeeda,"31-29 Steinway St, Astoria, NY 11103"
"Marufuku Ramen: 37-10 30th Ave, Astoria, NY 11103",Marufuku Ramen,"37-10 30th Ave, Astoria, NY 11103"
